date,post,views
2024-03-14,Revolucionando el reclutamiento,1
2024-03-14,Desbloquea el Poder Oculto de tu iPhone,2
2024-03-14,Un mundo sin Inteligencia Artificial,7
2024-03-14,El Impacto de los Grandes Modelos de Lenguaje  en la Industria de la IA,8
2024-03-14,Tendencias a Observar,11
2024-03-14,Tendencias en la IA que moldearon el Futuro de la Salud en el 2023 y más allá,13
2024-03-14,El Equilibrio de la Inteligencia Artificial,9
2024-03-14,El Camino Hacia la Eficiencia,72
2024-03-14,Control de Versiones de Documentos,76
2024-03-14,Los Desafíos Comunes en la Gestión de Información y Cómo Superarlos,66
2024-03-14,El Éxito de una Pequeña Empresa con la Implementación de un ERP,78
2024-03-14,ERP: El corazón digital de cualquier organización,75
